customerID,name,email,address
1,Brett Kelley,nicole88@example.net,"0301 Wanda Burg
Jonesville, IA 35130"
2,Kayla Frazier,samuelknight@example.net,"5476 Crystal Knoll Apt. 319
South Kennethchester, UT 77328"
3,Michael Ayers,james48@example.com,"60952 Rodriguez Radial Suite 685
Jamesmouth, RI 76527"
4,Mary Bass,ogreen@example.org,"76221 Burton Locks
Kelleychester, PW 96342"
5,Julie Love,james93@example.com,"375 Johnson Brook Suite 650
Nguyenfort, KY 68507"
6,Ivan Hill,lindabrennan@example.org,"77386 Christopher Lane Suite 143
South Sarahshire, DE 32935"
7,Jose Ashley,williamstravis@example.net,"4734 Susan Lodge
Calvinville, TX 26493"
8,Brian Newman,john01@example.org,"0556 Tyler Junctions
Lake Kathleen, WY 83183"
9,Denise Williams,daniellebauer@example.org,"94907 Mccormick Flat Apt. 729
Devinstad, IA 69898"
10,Martin Caldwell,kimberly82@example.com,"3809 Anthony Mill
Fosterland, WV 64566"
11,Jennifer Peters,xbrown@example.net,"78861 Miller Motorway
Marktown, OR 44225"
12,Bradley Walker,nielsendustin@example.org,"10026 Potter Rue
Jeffreystad, OH 61277"
13,Olivia Adams,xaguilar@example.net,"7094 Nancy Fields Suite 892
Lake Kellytown, MS 43363"
14,Jeremy Hicks,wmoore@example.com,"662 Harris Village Suite 855
Jamesville, KS 80677"
15,Michelle Ramirez,stephen53@example.net,"84753 Kathleen Burg
Elizabethtown, RI 22783"
16,Linda Allen,ghamilton@example.com,"0028 Knight Freeway
North Michelle, ID 55274"
17,Sarah Nguyen,llam@example.net,"724 Flores Point
Patriciamouth, NE 22640"
18,Katherine Watkins,gcruz@example.org,"67364 Jennifer Locks
Adriennetown, NH 25755"
19,Christine Cohen,karen19@example.net,"29913 Dominique Brooks Suite 153
East Elizabethfurt, MA 74378"
20,Joshua Shah,johnsonalison@example.org,"76369 Lee Pines
Kaitlynmouth, MP 76589"
21,Donna Hanson,kiarablanchard@example.org,"44573 Pena Points
Timothychester, WA 01588"
22,Sara Morgan,cathymeadows@example.net,"USNS Torres
FPO AA 51193"
23,Lisa Paul,terry43@example.com,"USCGC Holmes
FPO AE 62042"
24,Matthew Yang,stephanie25@example.com,"8325 Debbie Port
Bendermouth, RI 32793"
25,Jacqueline Vaughn,santospaul@example.net,"6530 Julia Oval
Port Debra, ID 06031"
26,David Thomas,phanna@example.net,"552 Mejia Alley
Rodriguezside, MN 02849"
27,Cassidy Nguyen,jeffreyjohnson@example.org,"0849 Melissa Gateway Apt. 534
Hallburgh, NV 26907"
28,Michael Woodward,ayalajeffrey@example.net,"14423 Andrea Rue Suite 104
Port Lawrenceton, MO 78404"
29,Stanley Quinn,ahoward@example.org,"18702 Tracey Divide
Mcdowellberg, FM 56405"
30,Dana Perez,uwells@example.org,"5054 Joshua Unions
Port Robertberg, VA 60954"
31,Alicia Williams,vfrye@example.org,"749 Schwartz Highway Apt. 292
West Kiara, HI 55997"
32,Andrew Cross,tbrown@example.org,"489 Carlos Islands
Johnsonstad, NH 64536"
33,Jimmy Bowen,bphillips@example.net,"076 Guerrero Stream Apt. 390
South Douglas, WA 85486"
34,Sarah Benitez,sheppardjohn@example.org,"PSC 9175, Box 6691
APO AA 83575"
35,Dennis Moore,seankelley@example.org,"391 Brandon Villages
Lisashire, MD 94268"
36,Michael Cantrell,cfigueroa@example.org,"703 Cannon Curve Suite 380
Cervantesmouth, MO 17268"
37,Jodi Robinson,joshuajohnson@example.net,"230 Peterson Coves
North Michaelton, NM 84426"
38,Jason Gomez,dominic91@example.com,"47050 Jamie Fields
South Kimberlymouth, VT 47222"
39,Angela Young,joycechoi@example.org,"596 Scott Crescent
New Joseph, KY 01878"
40,Shannon Robinson,laura18@example.net,"947 Wilson Radial Apt. 733
Garciachester, NE 50410"
41,Dawn Ayers,guerraethan@example.com,"98999 Jennifer Cliffs
South Gary, NE 30554"
42,Shannon Mccoy,hendrixjennifer@example.net,"PSC 6858, Box 6148
APO AE 94540"
43,Joseph Miller,johnjimenez@example.com,"4901 Potts Drive
North Josechester, AK 47323"
44,Mary Allen,courtney78@example.org,"01592 Patricia Inlet Suite 120
Melindashire, AL 52151"
45,Antonio Thompson,colleenramirez@example.com,"Unit 2943 Box 0120
DPO AP 64919"
46,Philip Mclean,brianware@example.com,"65090 Francis Locks Apt. 678
South Ryanbury, LA 42009"
47,Sara Schwartz,jonathanbryan@example.com,"4852 Acevedo Canyon Apt. 437
Diazfort, PR 98041"
48,Sandra Curry,mbrown@example.com,"PSC 3973, Box 5322
APO AE 43663"
49,Michael Porter,victorlove@example.net,"67082 Figueroa Ports
Margaretfort, NJ 19418"
50,Jacob Frost,huntercatherine@example.com,"507 Valenzuela Prairie
East Kathryn, PW 85302"
51,Diana Martin,george75@example.org,"5474 Williams Landing
Port William, SD 26359"
52,Chad Mcclure,jessicarose@example.com,"30735 Darren Summit Apt. 120
Erikaside, MT 94115"
53,William Golden,imarshall@example.com,"89926 Lee Islands Suite 740
New Ryanton, MN 64216"
54,Jenna Fox,paulli@example.org,"757 Frank Dam Apt. 090
Atkinsonview, WY 16654"
55,Terry Murillo,ljohnson@example.net,"984 Erin Freeway
Anthonyton, NV 68432"
56,Brandi Johnson,cabreracourtney@example.com,"73382 Webster Corner
Lake Sonya, NY 00676"
57,Kimberly Yang,carolinemathews@example.com,"306 Estrada Plaza
North Shannonchester, MH 91364"
58,David Mayer,angela49@example.com,"0838 Combs Spurs
Lindafurt, WV 16408"
59,Randall Moran,monicapaul@example.com,"25010 Rachael Streets Suite 377
Port Lauraland, RI 83913"
60,Kendra Wright,hwalls@example.net,"37326 Lynn Summit Apt. 695
Lake Cody, SD 29281"
61,Carlos Johnson,josephdavis@example.org,"3303 Bruce Corners
Lestermouth, WY 77750"
62,Dr. William Mckenzie,nmann@example.net,"USNV Buchanan
FPO AP 90838"
63,Lauren Miller,derektorres@example.org,"149 Rebekah Port
East Amber, NM 09719"
64,Brian Neal,youngrose@example.org,"76520 Casey Hill
East Samanthaborough, AL 76264"
65,Jonathan Bradley,taylorbryan@example.net,"348 Jason Ways
Michaelhaven, MO 21849"
66,Jennifer Weiss,sandra19@example.com,"89969 Thompson Plains
Kevinstad, SD 25620"
67,Andrew Ruiz,hollyrobbins@example.org,"274 Kevin Lights
Cassandraland, NC 09490"
68,Edwin Murphy,wrightashley@example.com,"Unit 0638 Box 8954
DPO AA 54671"
69,Timothy James,bherring@example.com,"3134 Matthew Meadows
Jasonborough, CO 10951"
70,Haley Taylor,lcontreras@example.net,"68435 Seth Mountain
Alexanderfort, NC 60325"
71,Steven Bryant,pamela22@example.org,"776 Cindy Grove
Medinaview, TX 24750"
72,Henry Smith,ucurtis@example.net,"022 Ortiz Glens
West Beth, VA 71625"
73,Jeffrey Robbins,susansmith@example.org,"PSC 8425, Box 9588
APO AP 43942"
74,Sharon Brown,benjamin43@example.org,"43661 Pamela Wells Suite 447
Port Elizabethhaven, DC 07334"
75,Paula Douglas,anthony37@example.com,"175 Hayden Summit Suite 550
East Michelleshire, MI 32766"
76,Mary Gallegos,peggybaldwin@example.com,"USNV Harris
FPO AA 25232"
77,Wendy Flores,whitneylucas@example.net,"2243 Bradford Rue Suite 240
Stevechester, MT 24633"
78,Brian Roberts,ienglish@example.org,"05328 Stephen Keys
Johnsonburgh, MI 24289"
79,Paul Anderson,raven46@example.net,"647 Rhodes Walks Apt. 024
Port Stephanie, PA 25228"
80,Joseph Valdez,jeffreywiggins@example.org,"187 Erica Rapid Apt. 432
Barrfurt, PR 54421"
81,Terry Vasquez,carlosdorsey@example.org,"1605 Nichols Lodge Apt. 815
South Dillon, IN 18562"
82,Michael Flowers,lharvey@example.org,"7437 Elizabeth Tunnel
East Josephville, AS 18882"
83,Kevin Combs,lisa10@example.com,"7088 Jimenez Ranch Apt. 599
Wilsonhaven, TN 33744"
84,Amy Smith,jonesbrian@example.com,"37011 Nicholson Roads Suite 325
Robbinschester, MO 56266"
85,Lance White II,stephanie99@example.net,"4915 Jessica Ranch Apt. 916
East Robinview, FL 90717"
86,Patrick Hess,wjames@example.org,"314 Benton Isle Apt. 500
Torresville, OR 97682"
87,Ariel Lewis,alan32@example.org,"4491 Cross Skyway Apt. 352
Shirleymouth, GU 90933"
88,Aaron Griffin,dvalentine@example.net,"USNV Davis
FPO AA 61385"
89,Kristen Beltran,lambertwilliam@example.net,"627 David Prairie
Morganborough, MI 56388"
90,Logan Velasquez,andrewchambers@example.org,"Unit 0579 Box 5683
DPO AP 34339"
91,Vanessa Mcdonald,bethany16@example.net,"5117 Buck Forge
Jessicachester, IA 92460"
92,Gwendolyn Wagner,sheltonpaul@example.net,"9805 Salas Landing Suite 102
Lake Wesleyville, IL 43231"
93,Samantha Salazar,aprice@example.com,"097 Zachary Highway
Royton, DE 97675"
94,Richard Robbins,karenreyes@example.com,"682 Gonzales Locks Apt. 911
New Lisaberg, MN 34772"
95,Melody Hall,karen82@example.org,"92047 Jose Divide Suite 326
New Alicia, TN 95688"
96,Monique Kennedy,janetgardner@example.org,"7699 Schmidt Forges Suite 548
Lake Markside, CT 25912"
97,Erica Mckay,phillipholmes@example.net,"5925 Lee Knoll
New Theresa, IN 79049"
98,Sara Stephens,christophereverett@example.com,"822 Eric Turnpike Apt. 832
Port Kimberlyberg, CA 24282"
99,Brendan Scott,glenn21@example.org,"8928 Johnson Dale Suite 070
East Melissa, IA 36870"
100,Anna Clark,alexandermclaughlin@example.com,"5639 Erika Ridges Suite 222
West Juliachester, VI 03940"
